epoch,acc,loss,val_acc,val_loss
0,0.27860922,11.549193452549776,0.29090488,11.430345168480507
1,0.27962446,11.611081396513484,0.29090488,11.430345168480507
