epoch,acc,loss,val_acc,val_loss
0,0.27882025,11.547925847105564,0.2910494,11.423118958106407
1,0.2795974,11.611517966257573,0.2910494,11.423118958106407
2,0.2795974,11.611517966257573,0.2910494,11.423118958106407
3,0.2795974,11.611517966257573,0.2910494,11.423118958106407
4,0.2795974,11.611517966257573,0.2910494,11.423118958106407
5,0.2795974,11.611517966257573,0.2910494,11.423118958106407
