epoch,acc,loss,val_acc,val_loss
0,0.27747765,11.534814925667318,0.29088244,11.431435144864595
1,0.27962098,11.611137887981894,0.29088244,11.431435144864595
