epoch,acc,loss,val_acc,val_loss
0,0.18242438,13.076507747126241,0.18106773,13.213578921097975
1,0.2607137,11.908424110480494,0.29100448,11.425414708944468
2,0.27961546,11.611226878893758,0.29100448,11.425414708944468
3,0.27961546,11.611226878893758,0.29100448,11.425414708944468
4,0.27961546,11.611226878893758,0.29100448,11.425414708944468
5,0.27961546,11.611226878893758,0.29100448,11.425414708944468
6,0.27961546,11.611226878893758,0.29100448,11.425414708944468
