epoch,acc,loss,val_acc,val_loss
0,0.14643286,13.673622339046505,0.13906671,13.873920954190767
1,0.1438133,13.800098835352156,0.13906671,13.873920954190767
