{"d1": 0, "d2": 2, "filters": 504, "kernel_size": 3, "hidden_units": 178, "dropout_rate": 0.926, "embed_vec": "numberbatch", "acc": [0.2810593147085997, 0.2810593147085997, 0.2810963709599893, 0.2808987376192447, 0.28098520220582046], "val_acc": [0.2810593147085997, 0.2810593147085997, 0.2810963709599893, 0.2808987376192447, 0.28098520220582046], "loss": [11.587766132417405, 11.587573143170665, 11.58718849759248, 11.586230028965229, 11.586758677645332], "val_loss": [11.75317973226783, 11.75317973226783, 11.75317973226783, 11.75317973226783, 11.75317973226783]